regime,return,volatility,candle_acc_trade_volume
HIGH_VOL,-0.0030477008398906405,0.041143474188257666,3011.3774394291668
LOW_VOL,0.0002003131872300871,0.011320834937736604,1025.4271938728334
MID_VOL,0.0013370576548539918,0.020123482852752957,1688.3619095155002
