regime,return,volatility,candle_acc_trade_volume
HIGH_VOL,-0.003401225356028546,0.040215096765181466,2951.920426022667
LOW_VOL,0.00031968493219961967,0.011120042322002005,1026.8972450533333
MID_VOL,0.001070368714074263,0.019837385568965693,1682.185664544375
